timestep,real_det_return,real_sto_return,alpha
1,1000.7912497772229,343.6394088839497,0.2
5001,986.5444356752516,733.4191018215038,0.2
10001,636.4244823466126,604.6470640101027,0.2
15001,146.60383487902496,31.127017156421044,0.2
20001,144.64109489820186,56.88519964782874,0.2
25001,140.37785448322524,49.35374404555223,0.2
30001,139.05612245108279,38.64451153997991,0.2
35001,58.24881253890728,42.01331077118624,0.2
40001,31.841768139858043,42.467489548955555,0.2
45001,25.965320527356205,41.43469896081278,0.2
50001,35.23010093554868,42.070893830661525,0.2
55001,40.11106159875125,49.12895996895576,0.2
60001,36.81176420777948,46.71240667058634,0.2
65001,32.93368746851684,41.18165935657446,0.2
70001,132.25650966377933,32.12823198112274,0.2
75001,36.051637400064344,33.879322440555114,0.2
80001,38.125761815592014,37.238743275730336,0.2
85001,34.902459920728724,37.067710675158246,0.2
90001,40.15695401638824,40.24963137355197,0.2
95001,33.86283996569507,36.288097386761876,0.2
100001,38.74052138891905,42.35038965208924,0.2
105001,39.781929761662,47.7114484318553,0.2
110001,39.06898708700128,38.100120237734735,0.2
115001,40.19270869431673,43.42669237024241,0.2
120001,42.47494167312266,36.124344758079694,0.2
125001,38.64543820962017,39.16989695342552,0.2
130001,44.55530256755994,48.90311527541547,0.2
135001,39.24541475514549,47.94023530292664,0.2
140001,47.15783528919601,40.41369524090458,0.2
145001,40.18556253811007,45.25828726626498,0.2
150001,43.588269861954686,57.55288305607911,0.2
155001,45.79800377850878,55.18952294207018,0.2
160001,58.91606640976388,145.80022699403895,0.2
165001,48.42098183887074,53.87483885956284,0.2
170001,45.93723312675338,56.90927845430332,0.2
175001,47.460095433760046,58.3225248817046,0.2
180001,47.225568578636185,59.179836525595135,0.2
185001,54.9286210739002,60.43599450318597,0.2
190001,64.72171774950657,66.22951998808253,0.2
195001,71.55275496003453,66.71763612527573,0.2
200001,66.49294414397187,75.49937371873399,0.2
205001,56.24186459581559,75.85946228174944,0.2
210001,90.42551793074084,104.54547133770441,0.2
215001,82.90972677487444,81.00831989740382,0.2
220001,84.63196050586701,85.37874155191199,0.2
225001,184.90950061445307,97.01861205359013,0.2
230001,103.44782312574898,112.99585612801268,0.2
235001,96.70176364943578,120.3291330151058,0.2
240001,125.35854446837092,128.49028871794422,0.2
245001,87.02906007829027,234.56870462659748,0.2
250001,129.49084308794139,147.04771096720847,0.2
255001,139.6819147972831,124.56275057906457,0.2
260001,127.28467742060757,139.58010723714295,0.2
265001,124.91449318531974,163.51557059148257,0.2
270001,130.15973579575677,132.26361792351244,0.2
275001,199.67773149284457,155.39589460022253,0.2
280001,183.83795902058938,159.965404342331,0.2
285001,188.20953781500793,161.76327932951085,0.2
290001,240.66207533992343,192.77906334022643,0.2
295001,264.1556131059784,219.24695613154418,0.2
300001,226.74118142395014,286.2016122744772,0.2
305001,192.5669685931234,276.9863066408571,0.2
310001,210.73565628366904,239.4470513632272,0.2
315001,264.85920354407136,348.1159126332603,0.2
320001,324.84919347384385,345.6726948702245,0.2
325001,427.15098927570807,249.93925826713865,0.2
330001,295.0306340729102,344.45965514973204,0.2
335001,366.1426704939623,356.4866171673917,0.2
340001,344.4878446387798,234.99019498636804,0.2
345001,226.46434623828873,286.79328888924505,0.2
350001,504.16022609220016,372.3499226131962,0.2
355001,245.8244301164229,244.0097888589616,0.2
360001,437.9221042669941,342.402534742171,0.2
365001,498.96524794235904,337.11205700051585,0.2
370001,427.8322206502753,323.24726868666556,0.2
375001,223.56490903748517,336.49252974324816,0.2
380001,282.92179503285905,521.719070468165,0.2
385001,419.6735117589016,419.06334781432406,0.2
390001,296.74005214006354,789.5256200765115,0.2
395001,428.42956354245007,520.0407048159459,0.2
400001,361.80314746941366,486.4035145608051,0.2
405001,495.1820901881536,432.35616994290046,0.2
410001,576.1075201151224,647.9882152905886,0.2
415001,483.39541873517044,689.082629765074,0.2
420001,460.74828221886145,617.3914198853439,0.2
425001,543.5738828255264,392.3309658490631,0.2
430001,556.7917664020114,510.89864570776797,0.2
435001,499.26801815429315,498.6615792491645,0.2
440001,788.6518217779213,525.3354962778899,0.2
445001,770.3650426947067,436.0470493087814,0.2
450001,524.4098092669399,441.12486718683186,0.2
455001,674.5981961367117,513.1191377896594,0.2
460001,528.0982234812511,628.4642314598782,0.2
465001,522.633991597026,537.9473109231078,0.2
470001,1529.4466915578553,497.362389678913,0.2
475001,914.7138458556577,645.4141655250853,0.2
480001,809.601587093916,737.0175492755737,0.2
485001,1045.9767643495331,1184.1279281053964,0.2
490001,1619.2001547321947,924.4002975794483,0.2
495001,825.4035808244823,1315.5034513444102,0.2
500001,1259.0192234548063,964.0008970691779,0.2
505001,1048.3235310011041,858.8843331360797,0.2
510001,1037.6871593733117,837.2347699438438,0.2
515001,732.5724198185014,634.7401934588208,0.2
520001,947.7436999667891,736.526014094663,0.2
525001,1128.7980508510955,1417.4724050940229,0.2
530001,1066.4322739085246,574.693559148723,0.2
535001,1358.084240526524,1467.3366916054122,0.2
540001,1597.3238327577737,999.0405345368366,0.2
545001,1310.7349719066829,765.7252937724759,0.2
550001,2036.757910646928,2009.698662468118,0.2
555001,1610.414464368267,1424.8303952757547,0.2
560001,989.3706424961929,834.704487084979,0.2
565001,1628.4153030164275,1341.9857270229454,0.2
570001,1852.90239095966,1311.90005398258,0.2
575001,1068.1416986306472,1144.1233917806978,0.2
580001,2733.3180331713293,2184.5018736085094,0.2
585001,1352.326755411395,1360.8551427546904,0.2
590001,1624.7147068422196,2088.9730766548555,0.2
595001,1991.6700917982412,1668.900227888095,0.2
600001,2805.6334125559797,1512.6355128331625,0.2
605001,1447.832113148343,1386.865518049667,0.2
610001,1376.5030116081766,1395.9932540954487,0.2
615001,2412.451660539232,2228.4142790232077,0.2
620001,2338.004114472577,2656.3829609106347,0.2
625001,3203.6133757065263,1966.766471335508,0.2
630001,2196.809389103479,2359.5466944759423,0.2
635001,2047.3481619062943,1863.8967177963507,0.2
640001,3134.117240558071,3095.2749339810775,0.2
645001,2179.969375516033,2079.077835172081,0.2
650001,3495.7567973047453,3523.691189310333,0.2
655001,2974.7502538839326,2817.8902528489393,0.2
660001,1836.2014092757295,2180.1623125873884,0.2
665001,2638.970580823946,2413.4010683151478,0.2
670001,3631.257265218953,2599.215611514559,0.2
675001,4376.46549833556,3106.488082777216,0.2
680001,3517.8778166163997,3362.227453605822,0.2
685001,3410.300565768384,3091.4688241648505,0.2
690001,2892.008302731555,1819.2708563487754,0.2
695001,4077.3459960019522,3464.762888147593,0.2
700001,3736.456118989913,3205.439055436661,0.2
705001,4145.195579835184,3842.7346590679103,0.2
710001,4566.870190295997,3751.2014265759453,0.2
715001,3094.88508341504,3220.413744618221,0.2
720001,4239.794769475922,3814.8719781802693,0.2
725001,4381.09888549282,3996.9675464037473,0.2
730001,3297.634007248843,3026.3838705913213,0.2
735001,3765.14744652287,2813.563882784871,0.2
740001,3606.3490046155216,3141.062440187852,0.2
745001,1735.86352476076,1911.518339858429,0.2
750001,3835.803068344461,3266.453606566412,0.2
755001,2776.943190417177,2997.3187046881926,0.2
760001,4368.864608313077,4432.522487692543,0.2
765001,3386.060888147208,3193.4369913687897,0.2
770001,4092.3974403737784,3445.129036291324,0.2
775001,3708.222159853981,4038.141219316591,0.2
780001,3704.851700898893,3404.2705177357975,0.2
785001,3914.461739893474,4231.140132972408,0.2
790001,3177.3983412586895,3849.0001758130625,0.2
795001,3363.4156349140058,3433.6659098185883,0.2
800001,4697.601250438025,4295.289950790441,0.2
805001,4347.549075465015,3678.281418968413,0.2
810001,4029.349861874279,3417.8508840603267,0.2
815001,3903.674603196171,2824.336365591776,0.2
820001,4581.169409636786,3835.2575603979203,0.2
825001,4408.361630985438,4281.594488462805,0.2
830001,3624.5021126858946,4663.836639436546,0.2
835001,4047.7266019764393,3884.9025500136145,0.2
840001,4250.705484646691,3190.283265362871,0.2
845001,4361.620835734671,3202.6808100836224,0.2
850001,4339.280183489916,3781.1795722910874,0.2
855001,3304.159515103684,2237.371389074415,0.2
860001,4174.351395201759,4152.063837728542,0.2
865001,4540.021671950855,3831.2167937036634,0.2
870001,4729.6147669257425,4590.080049343156,0.2
875001,4951.434722603075,4586.66148887521,0.2
880001,4385.95043691341,4251.210165615461,0.2
885001,3928.3430168462282,4030.5776021380384,0.2
890001,4062.5238900725153,4382.915176245462,0.2
895001,4466.103816811839,3919.020488079598,0.2
900001,4632.524619092759,3791.9980657387387,0.2
905001,4773.440756728673,4766.2173321636565,0.2
910001,4072.9819950947085,4011.324730232275,0.2
915001,4370.638856842392,3129.3382574959155,0.2
920001,4327.826518067652,3700.156690930751,0.2
925001,4682.209344126246,4731.2973958658595,0.2
930001,4758.06506669285,4538.684156886358,0.2
935001,4853.273759903044,4264.975806204116,0.2
940001,4591.263765825507,4389.206932335256,0.2
945001,3736.7130670866077,3115.7298997477383,0.2
950001,4130.824961948066,4059.928745437018,0.2
955001,4172.003467713911,3829.3188064362557,0.2
960001,4726.7666572599055,3781.1791417244713,0.2
965001,3619.6889984208306,3700.9814673473484,0.2
970001,3581.5966227063936,3608.315191755093,0.2
975001,4304.601160032395,4185.469351247756,0.2
980001,4077.4340112729747,3203.1856741376773,0.2
985001,4464.286202986974,4340.372111499972,0.2
990001,4906.919492382828,4870.808288503584,0.2
995001,4489.785864785286,4444.624440885852,0.2
1000001,4842.625409679601,4823.771008903485,0.2
1005001,4589.257159832851,4194.371147130188,0.2
1010001,4715.806435966182,4858.097008983007,0.2
1015001,4498.530033547288,4531.123934215156,0.2
1020001,5031.076408580832,4130.5773284562865,0.2
1025001,4305.6199715524435,4897.629103182447,0.2
1030001,4927.4130653706015,4051.22085198595,0.2
1035001,4441.226786034848,4345.319571124064,0.2
1040001,4495.102596120639,3728.1466618465784,0.2
1045001,4813.624032571456,4947.847899531838,0.2
1050001,3759.0860877706377,3304.0523170845313,0.2
1055001,4463.870241930915,4272.9346037776395,0.2
1060001,4954.266256279724,4891.294536994481,0.2
1065001,4475.580498911587,4283.575120898536,0.2
1070001,4260.255892392874,4786.493815511457,0.2
1075001,4433.0086202112925,4898.247730472287,0.2
1080001,3549.9443952857387,3545.3487716444884,0.2
1085001,4908.890717749911,4707.873305322309,0.2
1090001,4804.1284236029405,4780.725175299972,0.2
1095001,5057.787891375838,4328.724204108672,0.2
1100001,4952.263106300891,4743.4661992547235,0.2
1105001,4650.232702853141,4352.515310866987,0.2
1110001,4927.0251503368745,4746.867557146581,0.2
1115001,5100.728964366887,4426.64465341933,0.2
1120001,4840.4033145292005,3442.8795517050557,0.2
1125001,4877.982732617323,4381.597986467824,0.2
1130001,4079.850897478849,4248.3652739519175,0.2
1135001,4973.607822753935,4481.546027289901,0.2
1140001,4900.662336828739,4166.758774776401,0.2
1145001,4862.2037138657815,4201.606610704546,0.2
1150001,4481.373482630954,5166.309688780124,0.2
1155001,4994.935266563792,4708.020734244576,0.2
1160001,4588.183528683636,4713.877528522638,0.2
1165001,4741.3912642278165,4480.511766850091,0.2
1170001,5028.560009139053,5007.121670512613,0.2
1175001,5014.310894046319,4994.261788807509,0.2
1180001,4941.41558641774,4870.153196801423,0.2
1185001,4735.786950457277,4896.392945510458,0.2
1190001,4975.255844360887,3787.716455922401,0.2
1195001,4578.013628908043,4613.862568988609,0.2
1200001,5040.967734752246,4806.302850244946,0.2
1205001,4698.762687893219,4955.368815243054,0.2
1210001,4410.068539587972,4005.5405346887114,0.2
1215001,4723.715417751165,3942.6583313895035,0.2
1220001,3832.3777504413774,4135.509557711947,0.2
1225001,4913.072613112697,4851.612173009935,0.2
1230001,4409.1828445866,4979.404232258555,0.2
1235001,4807.44587196578,5093.233193693954,0.2
1240001,4457.131563444004,4303.396780839468,0.2
1245001,3359.2052475602404,3661.979443627676,0.2
1250001,4721.066841325288,4687.606925174423,0.2
1255001,4879.5644259624505,3987.096333848806,0.2
1260001,4973.968688433994,4377.884489800354,0.2
1265001,5161.476780796589,5135.933819233034,0.2
1270001,4180.474270357598,3802.4186665386283,0.2
1275001,4315.2591086767225,2819.153788744289,0.2
1280001,4761.469434777186,4854.279163338256,0.2
1285001,4962.278951152258,5048.048039946077,0.2
1290001,4732.310573004923,4867.804660568003,0.2
1295001,4614.643171534175,4004.339608944537,0.2
1300001,4994.9853714575565,4614.892270446098,0.2
1305001,4177.94085285503,4757.251213976599,0.2
1310001,4743.808560871726,5083.466117632537,0.2
1315001,3759.8047242904277,4547.311338864446,0.2
1320001,5118.798220309976,4482.323463613151,0.2
1325001,4685.961092630991,4009.4957121575885,0.2
1330001,5256.077162828418,4035.8322751957594,0.2
1335001,4397.725996183049,4997.703539826824,0.2
1340001,4735.977872364453,5151.287906353442,0.2
1345001,5244.5506372371365,5057.228723674016,0.2
1350001,5117.497787350815,4993.702520137404,0.2
1355001,3680.8370238698744,4728.621555392089,0.2
1360001,5174.179040993966,4949.3768100504785,0.2
1365001,4158.816624844255,4726.666563361257,0.2
1370001,5292.819495870632,4847.462667662756,0.2
1375001,4984.347458767213,3590.126273348125,0.2
1380001,4655.203785368629,4930.367341130005,0.2
1385001,5226.768030550675,4699.008708715208,0.2
1390001,3189.2666051320766,3771.8619755770865,0.2
1395001,5307.903536566095,5223.842453288742,0.2
1400001,5354.330303981906,5118.292973189489,0.2
1405001,5257.529520080418,4155.4009055204415,0.2
1410001,4457.2411811189795,4802.501561340103,0.2
1415001,5200.515751898545,4950.362818383609,0.2
1420001,5090.3022410134,3953.5686883594217,0.2
1425001,4844.713408394658,5029.606734673146,0.2
1430001,4756.0830152985045,4548.452588296837,0.2
1435001,5181.846945436917,5130.046534679383,0.2
1440001,4423.626508829337,5105.500847914078,0.2
1445001,5347.393893020007,5248.8002352959165,0.2
1450001,4392.04529737375,4592.578000394895,0.2
1455001,5230.11421684283,4155.872411381561,0.2
1460001,4806.612602059234,4991.690723546994,0.2
1465001,5138.368825946591,4778.40360600337,0.2
1470001,5241.304822209803,5279.2027899189015,0.2
1475001,5281.237717170576,5164.5115484423995,0.2
1480001,5416.0804478731625,4830.021064464675,0.2
1485001,4990.084074839734,5114.169027770069,0.2
1490001,4606.610916499509,4701.564965031346,0.2
1495001,5284.33625189172,5185.139757714261,0.2
1500001,3867.6183193003367,5078.500803228933,0.2
1505001,5357.530996041532,5191.87711451807,0.2
1510001,4722.788171515162,4091.8944268203463,0.2
1515001,4952.975160720742,5085.503022303681,0.2
1520001,5172.572101616023,4196.311411630675,0.2
1525001,4436.3815193074115,4366.76784787199,0.2
1530001,4683.464379697502,4633.109077453402,0.2
1535001,5146.7677599090985,5186.377031949762,0.2
1540001,4981.944167613483,4560.455068550872,0.2
1545001,4790.579674891596,5201.319077392761,0.2
1550001,4836.178539531348,3988.8496421663026,0.2
1555001,5010.408797171074,4740.420658753573,0.2
1560001,5270.6633516805105,3865.250612031413,0.2
1565001,3427.7444421731807,4646.581209848164,0.2
1570001,5200.050004430472,5186.666188315107,0.2
1575001,5287.356408052901,5196.424996142558,0.2
1580001,3807.5345074529346,4466.468522522272,0.2
1585001,5421.269057761252,4575.7992734718555,0.2
1590001,4701.723908763763,3757.5795352144683,0.2
1595001,3815.0965922124,3825.310059162709,0.2
1600001,5255.1987955829045,4666.369935316037,0.2
1605001,5100.916108261984,5244.359497875104,0.2
1610001,2596.6902423727206,3962.8020940506117,0.2
1615001,4285.154231694072,3488.8146246034944,0.2
1620001,5231.415917614901,5363.12924791672,0.2
1625001,4855.9459774661245,4959.460435974245,0.2
1630001,4583.58155978463,3983.6503472137897,0.2
1635001,4804.2223410410215,5127.182783197242,0.2
1640001,5053.903581803927,5300.553140964999,0.2
1645001,4428.970937158767,4119.7937405017965,0.2
1650001,5084.97324961315,5343.858886453765,0.2
1655001,4664.999228459319,4720.238232748464,0.2
1660001,5085.044586108495,4863.613663465185,0.2
1665001,5023.1855208803045,4607.2151545619445,0.2
1670001,5196.648914781442,5073.900383051965,0.2
1675001,4667.910919916617,4623.455048286311,0.2
1680001,5368.118178118517,5013.907823167015,0.2
1685001,5320.174039341597,4737.695635775849,0.2
1690001,4405.403507567067,4304.231715754774,0.2
1695001,5429.2828758034675,4491.265281285409,0.2
1700001,5370.414294750607,4858.074879262868,0.2
1705001,4858.5554798423145,5373.92781041208,0.2
1710001,5331.282121161486,4029.509805149847,0.2
1715001,4846.934421874586,5233.635178336498,0.2
1720001,5203.962132662737,4879.845698550997,0.2
1725001,5223.409850600882,5050.237797403605,0.2
1730001,4414.461348721523,4699.201172169548,0.2
1735001,4083.284381575578,4239.532642762407,0.2
1740001,4467.896311478853,4761.895403146173,0.2
1745001,4745.944784387126,5328.10862941111,0.2
1750001,5418.118973785163,5313.51654027561,0.2
1755001,5076.663194085208,5054.4598951963735,0.2
1760001,5339.808847053553,4565.60688845524,0.2
1765001,4917.597743671796,3637.3727406754433,0.2
1770001,3964.6051096673027,3433.1016935530447,0.2
1775001,5115.99821286899,4842.457750966552,0.2
1780001,5487.581338203344,5420.05385163714,0.2
1785001,2655.057553036871,2085.5723559508165,0.2
1790001,4986.060114843732,5098.718483981965,0.2
1795001,5322.869530231726,4324.232041557239,0.2
1800001,3988.1895008271995,3310.735096396647,0.2
1805001,5072.51899231536,4950.30395704982,0.2
1810001,5442.589865533599,5178.366393381925,0.2
1815001,5494.285190231567,5233.264785389602,0.2
1820001,4863.897213489395,4709.47259184066,0.2
1825001,4179.5727455080105,4438.620961542302,0.2
1830001,4764.296734898703,4323.289193097341,0.2
1835001,5336.801103850901,5073.109445751055,0.2
1840001,4457.944372313781,4237.222360835529,0.2
1845001,5457.887836439263,5223.425971591908,0.2
1850001,5201.465571516625,5335.46402942525,0.2
1855001,5504.485061619918,4808.785284335778,0.2
1860001,5300.690009650543,5222.123941538312,0.2
1865001,5196.6650367674465,5022.630252374113,0.2
1870001,5314.162838673557,5239.10079522247,0.2
1875001,5245.706549803804,5351.638157251355,0.2
1880001,5437.397367901989,4884.948037615787,0.2
1885001,5029.384581452719,5363.956365868495,0.2
1890001,4982.2940583454065,4861.783209669509,0.2
1895001,5345.414993411727,4719.718556035442,0.2
1900001,1087.5743431246012,1460.399027701724,0.2
1905001,939.4992887795634,617.5095684801041,0.2
1910001,659.2694869569542,588.8650866877041,0.2
1915001,660.4472807040949,737.0086453852552,0.2
1920001,1164.0866166737244,1285.6601258060407,0.2
1925001,956.6750400944456,864.1266848464684,0.2
1930001,2317.977653939265,2149.135205418684,0.2
1935001,1248.7689243493694,1338.227127647799,0.2
1940001,1966.744590128787,2127.3455034442177,0.2
1945001,1137.773765206542,1400.6879242700738,0.2
