timestep,real_det_return,real_sto_return
5000,968.9237757612997,-50.646194945690475
10000,977.1233871014613,-160.16320768926215
15000,929.2866998925558,-68.4850549378949
20000,973.0249862224298,-157.22431477277627
25000,884.601286789504,-41.914959179624525
30000,973.6110761480562,-73.345133630633
35000,935.6127758501209,-52.95776606276735
40000,932.8954328469196,-67.91782285416102
45000,849.2037511826047,-89.16152788823752
50000,877.071672609999,-148.8637177082287
55000,850.0312772788687,-155.66599821748494
60000,813.0975848138117,-122.02814656191083
65000,772.887757095941,-69.33260752044936
70000,794.519246818231,-144.05141696425696
75000,795.039735180441,-242.93225282841567
80000,759.4654982830923,-39.871844999573966
85000,653.6439256472306,-41.48947692793031
90000,618.5940392763488,-36.90222392697596
95000,590.2010913906681,-45.81268501275263
100000,539.1476927497678,-148.45099428407462
105000,517.897519613572,-33.25630439114275
110000,360.5974179328422,-38.126820674279166
115000,462.3996183841543,-157.28530606116905
120000,297.9183237504809,-23.262546336622357
125000,432.896038962684,-48.58506461826771
130000,270.25208280030523,-48.690036319756366
135000,299.94527440817717,-41.385026855702186
140000,282.77178564426356,-158.79278152025296
145000,314.4655279341131,-65.30113870960461
150000,13.402256444697617,-51.4215168854026
155000,23.93373733820111,-127.1773988675
160000,66.71971535367008,-154.616212419182
165000,66.52428431367926,-135.57121209480152
170000,43.07730197570162,-46.659657146634025
175000,43.67533065650332,-230.65996060904536
180000,26.83800199086402,-36.85620417662035
185000,15.5658453853362,-138.26794350528274
190000,114.97325603320772,-33.90942197944959
195000,73.1365214304001,-30.782898362628874
200000,41.57659172898702,-129.57247012964024
205000,57.36149475613721,-34.140840300121894
210000,-1.6467957563160003,-136.39937759155404
215000,-42.3010078556886,-126.68813065876168
220000,24.876094080363064,-50.79970435667948
225000,-32.37290697450667,-54.990134947376404
230000,-27.980842960464976,-36.792674881884395
235000,-75.16148435308284,-51.82794846365308
240000,-112.08335250338378,-122.32594823978461
245000,-133.58445597782645,-262.39525213769144
250000,-109.03773249325086,-46.70821892673212
255000,-172.47504640003643,-34.34714843028089
260000,-190.96689477434532,-51.48571192221029
265000,-189.74939320825607,-149.4942401959365
270000,-125.15901718369791,-43.333647964081734
275000,-217.30789039843307,-40.02515149681005
280000,-250.48262711640479,-26.422233662525468
285000,-322.4179463347401,-32.01042739170135
290000,-215.51884536745942,-152.24128707759354
295000,-319.55444922050526,-116.91099398525964
300000,-427.7911887201465,-39.80991432000081
305000,-311.5409921358195,-52.3488475618971
310000,-281.81925606507593,-33.24670818310942
315000,-412.05023750581347,-85.37373333020886
320000,-82.48441816782166,-84.50690789187924
325000,-48.004693949499654,-47.65057498411076
330000,-97.71923276137181,-28.830996593576845
335000,-307.07572435109415,-33.59462799649127
340000,-136.83481094853283,-46.91202176875226
345000,-119.63484836669184,-62.44305032127013
350000,-189.49569719026962,-17.815562280670353
355000,-156.03142402768418,-30.4007197639359
360000,-211.3287505556625,-32.44464891460795
365000,-50.98968439527999,-140.92976869521863
370000,-102.4749522658366,-135.6845962287037
375000,-54.49690863968384,-54.19011599099214
380000,-74.55703051335344,-46.184792276112304
385000,-100.1905391326051,-112.04980303910199
390000,-106.76141471707248,-21.398225451772465
395000,-38.67446198493407,-27.77636216141189
400000,-46.11590181238131,-133.83369021163935
405000,-74.70567444572562,-122.83856627220555
410000,-43.38941756932465,-33.93018509805475
415000,-162.56012858403554,-42.47737914549896
420000,-114.10792923348224,-47.95847588924552
425000,-45.59637108776694,-127.20401625781258
430000,-89.57281316316816,-118.95432204312162
435000,-46.4035251847336,-155.31859244234676
440000,-74.20616269526235,-136.9018890195011
445000,-177.1433844591771,-44.19030338095061
450000,-141.8204145379888,-20.15427890832535
455000,-277.7063768859706,-130.6515622151316
460000,-244.18149610468404,-23.135394884866272
465000,-101.8011592540691,-156.66074312882253
470000,-76.41928458962222,-126.99386558564359
475000,-210.9093741077773,-65.20660824595356
480000,-240.96400583246805,-202.21918576858332
485000,-234.95842766377154,-43.67261958734905
490000,-605.3860946586076,-38.80219612879232
495000,-261.35514977096125,-147.95859155821276
500000,-353.5385402338531,-45.76859514423754
505000,-292.440137416937,-168.11957940753047
510000,-326.4905306216215,-27.291801294142953
515000,-134.6708328773183,-57.56163044198028
520000,-179.5910883371405,-27.610117543711585
525000,-274.21824542000724,-176.02991966399665
530000,-242.5017921592521,-30.42270799633742
535000,-345.5595363305072,-36.1738171975921
540000,-130.7445551118355,-136.7436857029499
545000,-512.5808909204104,-22.474648862333925
550000,-527.7127824508149,-144.06011528431299
555000,-470.91734051378853,-21.971133952389117
560000,-303.1153785146337,-30.645329084525343
565000,-233.21540136121956,-36.60290219527571
570000,-21.904474426680217,-39.68054654057882
575000,-172.2213652681274,-29.43216153016673
580000,-346.86625157147404,-34.296530774831
585000,-383.81267061801736,-340.4011822290807
590000,-350.38115712434205,-26.246923150640225
595000,-613.9143020202276,-138.4180825398528
600000,-857.4816646265626,-148.03633226838681
605000,-770.6025690047807,-146.37543130635072
610000,-973.2951395716661,-13.455930838884314
615000,-975.2928686047487,-16.874283282362008
620000,-1058.6452415664585,-140.9203367456983
625000,-843.7677592001377,-75.01210947907467
630000,-1277.3197329343488,-236.61644382136797
635000,-1107.3945627384705,-225.0300162351754
640000,-971.983769606027,-129.1532058249495
645000,-993.9288842542541,-41.06303421241132
650000,-760.4647190529091,-116.04525763987446
655000,-706.6013145889411,-120.12462650334496
660000,-1084.42521123328,-28.456851924300032
665000,-855.702917682532,-44.48593192400752
670000,-942.1334771597416,-272.672367585675
675000,-863.4813948496837,-221.57755765369174
680000,-760.2895791139106,-225.15456289898913
685000,-873.6271623811075,-142.26405068029163
690000,-825.7089866107187,-71.87044318631946
695000,-574.9794183872356,-121.98612335559964
700000,-831.7170726924647,-64.57723573657526
705000,-969.4410227454795,-389.02928504461397
710000,-1132.421854007323,-60.95640988634362
715000,-823.2503354364175,-149.39753427289958
720000,-737.009470806838,-44.38407003736252
725000,-1006.7227121601306,-555.4888439496133
730000,-1197.7839774237245,-133.6383211894102
735000,-1568.6847415464604,-271.397509008507
740000,-1562.9731663300502,-37.23139129220064
745000,-1382.2940794893645,-148.93278914450667
750000,-1784.413044648544,-292.7619403464647
755000,-1458.52559112165,-43.848535779604596
760000,-1255.999094545034,-159.04589675373626
765000,-1449.132249330192,-42.405724963564715
770000,-1241.4690376265203,-348.8713316030472
775000,-1172.2422561197682,-63.80560427977074
780000,-1378.575706932164,-188.87482762684138
785000,-1266.5673871767426,-144.95369913164717
790000,-1295.1679906804372,-188.5633179840057
795000,-1613.3317583526168,-259.00831988029967
800000,-1621.6697270343207,-399.43826138698495
805000,-1389.6861048987935,-284.6725881117676
810000,-708.3446019761128,-66.73746125931623
815000,-1711.1507914265972,-276.88661561490414
820000,-1362.8298341643276,-79.1544106432307
825000,-1626.75347869613,-136.12272957701984
830000,-1670.0756993761865,-216.64496531234994
835000,-1147.7170157764872,-366.3219815523728
840000,-1262.4622004708986,-74.78529160434697
845000,-1275.882920900864,-179.74900803433712
850000,-1256.3424487208283,-78.63201325644516
855000,-1275.769694070275,-311.233424384602
860000,-1615.5943973760418,-147.01201616251024
865000,-1129.6972708790079,-36.640127829732386
870000,-1632.9703125461797,-233.63849632046245
875000,-1390.1197186617735,-159.0529444883853
880000,-1409.0308806257544,-151.91307956136274
885000,-1566.718185748558,-202.8494114270738
890000,-1620.4118055990707,-80.74758000080331
895000,-1567.7219040472078,-276.6107668711759
900000,-1440.8124613104933,-48.59797957237304
905000,-1096.1945033119857,-33.80342068730562
910000,-1093.0452765211678,-289.8445281191556
915000,-1088.4717873622947,-38.31872288513192
920000,-1392.5719002516505,-52.017197147013135
925000,-1538.6662103085328,-137.86252711699512
930000,-1371.909876650457,-132.7932727021731
935000,-1338.7501338325633,-150.35489377325263
940000,-1332.8433945152415,-17.19169124479299
945000,-1299.572269360899,-154.60807504662216
950000,-1331.753849209964,-25.507973359757965
955000,-1212.3940911980967,-143.4223565273476
960000,-1331.8042850043314,-159.3678476146789
965000,-1373.944866599796,-138.99753079644898
970000,-1074.057993451806,-169.1484060888496
975000,-1249.283066669759,-147.58775985322887
980000,-1382.5320702202412,-147.66173602641237
985000,-1249.1412943461369,-141.9813189139889
990000,-1434.657725532915,-49.3453353162301
995000,-1269.1008069835098,-31.176088046518224
1000000,-1128.7176846588743,-42.38808075791066
1005000,-1267.219666804977,-56.74882089368599
1010000,-1140.8271616614352,-289.377516664594
1015000,-1154.9549109738805,-43.392167550575365
1020000,-1352.8405127300673,-132.46887959396082
1025000,-1442.3613198916614,-147.7326179384427
1030000,-1270.0371779197,-141.58862031777556
1035000,-1117.0051869028634,-52.02777488039745
1040000,-1113.9975862554006,-66.00609732000412
1045000,-969.9987822066867,-231.93923276868267
1050000,-1242.5750520605084,-140.31546119194883
1055000,-1431.1173803082197,-74.69854924614063
1060000,-970.3890528097676,-120.95967430585968
1065000,-1137.90523395186,-49.328859199055366
1070000,-1019.8205841566962,-243.5505615141514
1075000,-349.8598745045897,-146.36268163442662
1080000,-839.3532125477511,-79.25466698009514
1085000,-934.1233747555395,-43.56689845815708
1090000,-1262.0676243312957,-36.78513596480442
1095000,-798.3632838313608,-27.983450876172235
1100000,-1095.612012738456,-64.09938144694328
1105000,-764.3112164545121,-38.36990397929325
1110000,-936.9198110816282,-150.14509547537233
1115000,-1356.4324070969326,-72.42496589014506
1120000,-954.1896921548623,-47.60665992845891
1125000,-1060.5744488133892,-330.17721777595193
1130000,-1232.9999761033378,-100.4542196380575
1135000,-1623.76076287103,-152.59202994764772
1140000,-989.1233084038856,-160.0567530438714
1145000,-954.2589873970837,-135.0439642153148
1150000,-935.6812056750501,-37.781928318218036
1155000,-1405.1184151809216,-48.39327433806174
1160000,-1133.6510218950484,-179.6270060211089
1165000,-1581.5770366921424,-173.93816230749488
1170000,-1434.8169161075919,-176.57605526455126
1175000,-946.8453852533223,-192.67335408161097
1180000,-1509.0408051349998,-179.27580605194385
1185000,-1502.3593196937704,-179.95360018091534
1190000,-1079.6937534265476,-327.6455989614505
1195000,-1493.4579972077856,-322.14690061403815
1200000,-1228.641783910963,-508.17628961319843
1205000,-1254.2412891247493,-234.04783638904692
1210000,-1332.019333319305,-196.81505955232896
1215000,-1318.611170974118,-86.91612247626014
1220000,-1160.6891098325466,-333.8886369508371
1225000,-1174.6695635651347,-270.43315312045434
1230000,-1005.5849064423967,-56.282356886479434
1235000,-1251.0174554970013,-371.3253661503228
1240000,-973.4119167930785,-90.9952036463047
1245000,-1242.7879529537292,-140.6939585984954
1250000,-1292.774407503261,-285.6803265032465
1255000,-1260.8690265246819,-229.74400117823183
1260000,-1254.5463579876373,-276.4950954041466
1265000,-1398.7352096383142,-93.79470643604012
1270000,-1143.057172654391,-128.97642682498517
1275000,-863.529281095474,-146.03854213699196
1280000,-1295.7534475004936,-175.48587308115222
1285000,-860.6084904059193,-37.87590546644706
1290000,-1165.924068179243,-284.4400758053471
1295000,-711.1091433208851,-230.06434716422677
1300000,-1161.094566272787,-270.9490206329069
1305000,-1127.4482036338645,-159.82698789225813
1310000,-979.910779816576,-382.78255631051525
1315000,-1188.4283403012091,-224.7509298555387
1320000,-881.645079048322,-227.10197021254163
1325000,-1157.4381591460947,-139.14801377329576
1330000,-452.1129265657005,-157.7819916786961
1335000,-417.564609606052,-180.093823723814
1340000,-395.5382644477874,-146.72289738522937
1345000,-179.92794785285767,-96.6252098247693
1350000,-597.090345836704,-146.44048055374083
1355000,-420.9286420032652,-36.025558121580566
1360000,-610.5150270096474,-42.337792234129545
1365000,-954.0515604856986,-146.85031933610526
1370000,-686.1603025353226,-42.37174431465188
1375000,-566.5481491377016,-153.3728111515865
1380000,-800.2236857037968,-64.45385625042124
1385000,-414.6387113127119,-46.15588435661995
1390000,-685.2572485832595,-48.858627956569634
1395000,-563.4066019296931,-268.71844994496024
1400000,-973.9408587552637,-236.17117554264073
1405000,-731.9173536287815,-86.2925124792793
1410000,-862.2806349036442,-43.35661898092939
1415000,-757.955465994396,-59.39280126796964
1420000,-719.7401225924369,-299.8118767617428
1425000,-1129.2320877296015,-75.0163035645804
1430000,-1301.2511148426304,-36.692334455423826
1435000,-1153.4052828961203,-224.12645155384544
1440000,-1162.267722335029,-422.1028076480553
1445000,-1278.5937169911344,-200.85005713267591
1450000,-1144.9567817176198,-197.55845089593373
1455000,-1109.1988360616963,-322.89519798164565
1460000,-1130.3652812841997,-195.61718460177434
1465000,-1426.4381237832472,-152.04054453832472
1470000,-1103.2078678180656,-170.48019784944645
1475000,-1245.558355122768,-125.88042499934363
1480000,-578.6755450738323,-214.2929352964311
1485000,-1078.2072337140157,-333.5607075005794
1490000,-1066.0577900917685,-132.65583429540732
1495000,-1236.6359348151705,-182.25073331710726
1500000,-1349.544879306181,-255.33624797246358
1505000,-1231.6971285522168,-295.0911368052592
1510000,-1269.6125807843807,-187.0460185918153
1515000,-1160.889083612014,-381.0948911440821
1520000,-1026.919359274751,-315.6636850778083
1525000,-1158.9896764125751,-423.0153574436352
1530000,-1232.704055742524,-861.1680307597871
1535000,-1249.6251461836105,-673.1358089165385
1540000,-1209.7946096791648,-600.5674456746126
1545000,-1242.0412775485133,-577.8672600010657
1550000,-1101.7289263738517,-275.1111225673875
1555000,-1171.996047071435,-325.05069093418194
1560000,-1270.6993520354276,-390.1047518829597
1565000,-1319.1647086324933,-363.8641562240019
1570000,-1188.9473193527315,-353.7379673091933
1575000,-1367.9190239239545,-233.52428210597697
1580000,-1016.5904216599814,-163.56005606827986
1585000,-1262.7801750099313,-307.2829188045907
1590000,-1224.6541896373142,-304.98853882008177
1595000,-1152.4785154179929,-468.48892666690915
1600000,-1123.8619237121106,-656.8750110608278
1605000,-1270.2652201768935,-481.90463042096917
1610000,-1467.7393114234135,-634.5612234241314
1615000,-1398.3703839329257,-454.05289940153745
1620000,-1484.4995555250557,-645.7732664403201
1625000,-1196.8540117529249,-496.9150625211022
1630000,-1336.976585895332,-489.2186852266782
1635000,-1490.8247528972195,-213.86299194530562
1640000,-1391.5286089381375,-640.0353526796803
1645000,-1230.1307751316783,-257.4835722170688
1650000,-1207.3776268510899,-464.60794526891124
1655000,-1355.9440833983606,-490.6669990399455
1660000,-1346.7949469002426,-201.68646944298413
1665000,-1050.322825289462,-92.81215903835322
1670000,-1359.3015461011457,-179.80914130781474
1675000,-1374.3764592017865,-269.9236938526784
1680000,-1442.7656455453414,-258.99103559032903
1685000,-1415.9297605082777,-370.2922024723178
1690000,-1323.8449660696124,-473.52748130372584
1695000,-1379.5299539412931,-392.87809847638283
1700000,-1359.4292959872569,-416.5071536420358
1705000,-1215.9212910396113,-396.1642696651479
1710000,-1451.1576004013245,-342.2530989936226
1715000,-1170.63136921927,-358.37620384643714
1720000,-1047.5192777149261,-330.0761289751975
1725000,-1024.4446689548745,-233.92556597673237
1730000,-1018.5304187804788,-345.7630792749143
1735000,-1500.2233598524676,-450.77986036661866
1740000,-1363.6497443317242,-683.0439775864559
1745000,-1525.1364334003274,-568.0655212379459
1750000,-1546.4260873029632,-247.94222249844333
1755000,-1316.65457669217,-293.1551720132969
1760000,-1502.7787100000926,-511.57441375568686
1765000,-1221.4850115301333,-936.3170047435297
1770000,-1168.1867551333612,-1148.5944443909525
1775000,-1011.2225023503422,-643.9785530015462
1780000,-1471.6185281219366,-684.0922154896255
1785000,-984.9647645464745,-836.9054845426505
1790000,-1206.9294798009064,-769.525798590725
1795000,-1291.3097817561018,-651.1895063387328
1800000,-1015.4918802783311,-426.93278994136534
1805000,-817.4379533069249,-1051.4813480696237
1810000,-1438.7888531748638,-727.1048070732024
1815000,-1284.9028232987334,-409.6205728891458
1820000,-1251.4275024687504,-657.4576433465921
1825000,-1121.175291187617,-756.3095555135993
1830000,-1459.7988971764214,-478.8684893919396
1835000,-1310.3288572538318,-608.7975574938232
1840000,-1189.8347983395606,-616.3887288419971
1845000,-1519.1423331152084,-571.379454349245
1850000,-1200.8039118056727,-555.8731963381235
1855000,-1160.2545109873977,-623.3367168917451
1860000,-1518.5823696596112,-583.8821071020199
1865000,-1358.2381343024122,-455.9972765954748
1870000,-1218.2537104935575,-617.4276473346149
1875000,-1309.1927659827204,-727.8791133403593
1880000,-1286.1568822213799,-723.4254244495307
1885000,-1317.4082647865225,-561.0385969532392
1890000,-1209.2863054759484,-543.7768299857156
1895000,-1007.3379109684909,-437.3520345289961
1900000,-1225.5613852990034,-542.1241815495089
1905000,-1162.7492275751392,-1067.2468869659876
1910000,-1157.3081654188495,-597.0803885465155
1915000,-1142.3378466159743,-496.8564367862573
1920000,-1171.8920656362773,-871.5063198377622
1925000,-1467.0690561698843,-995.1656640016038
1930000,-1361.7908338057648,-1273.763336121615
1935000,-1216.1393869584815,-1184.8090797334607
1940000,-1316.3863577645873,-860.3011541231588
1945000,-1165.984385817303,-817.7857861550008
1950000,-1265.9365430673063,-1088.3306761649915
